feature1,feature2,feature3,target,uncertainty_score,failure_risk
0.2,1.3,5.1,0,0.10560000000000011,Low Risk
1.2,0.4,3.2,1,0.24910000000000007,High Risk
0.5,0.8,4.1,0,0.1130999999999998,Low Risk
1.8,1.1,2.9,1,0.23790000000000017,High Risk
